annee,trimestre,mois,type_contrat,nombre_offres
2015,T1,1,cdi,165800
2015,T1,2,cdi,164200
2015,T1,3,cdi,188900
2015,T2,4,cdi,164500
2015,T2,5,cdi,150400
2015,T2,6,cdi,166300
2015,T3,7,cdi,304300
2015,T3,8,cdi,246000
2015,T3,9,cdi,270700
2015,T4,10,cdi,237600
2015,T4,11,cdi,272200
2015,T4,12,cdi,294200
2016,T1,1,cdi,326100
2016,T1,2,cdi,282800
2016,T1,3,cdi,301300
2016,T2,4,cdi,280500
2016,T2,5,cdi,287100
2016,T2,6,cdi,354000
2016,T3,7,cdi,355300
2016,T3,8,cdi,256100
2016,T3,9,cdi,376500
2016,T4,10,cdi,353100
2016,T4,11,cdi,289000
2016,T4,12,cdi,277600
2017,T1,1,cdi,316200
2017,T1,2,cdi,315100
2017,T1,3,cdi,421300
2017,T2,4,cdi,337700
2017,T2,5,cdi,339200
2017,T2,6,cdi,340900
2017,T3,7,cdi,283600
2017,T3,8,cdi,241200
2017,T3,9,cdi,297100
2017,T4,10,cdi,306100
2017,T4,11,cdi,361400
2017,T4,12,cdi,286400
2018,T1,1,cdi,319800
2018,T1,2,cdi,343700
2018,T1,3,cdi,478000
2018,T2,4,cdi,348000
2018,T2,5,cdi,351400
2018,T2,6,cdi,263700
2018,T3,7,cdi,484100
2018,T3,8,cdi,337700
2018,T3,9,cdi,369900
2018,T4,10,cdi,393100
2018,T4,11,cdi,337900
2018,T4,12,cdi,320400
2019,T1,1,cdi,319600
2019,T1,2,cdi,284000
2019,T1,3,cdi,308300
2019,T2,4,cdi,326200
2019,T2,5,cdi,303900
2019,T2,6,cdi,447200
2019,T3,7,cdi,460100
2019,T3,8,cdi,388700
2019,T3,9,cdi,490500
2019,T4,10,cdi,518600
2019,T4,11,cdi,481800
2019,T4,12,cdi,428300
2020,T1,1,cdi,524200
2020,T1,2,cdi,494100
2020,T1,3,cdi,348900
2020,T2,4,cdi,226300
2020,T2,5,cdi,329000
2020,T2,6,cdi,402100
2020,T3,7,cdi,430700
2020,T3,8,cdi,353900
2020,T3,9,cdi,459400
2020,T4,10,cdi,445200
2020,T4,11,cdi,339200
2020,T4,12,cdi,399300
2021,T1,1,cdi,431300
2021,T1,2,cdi,422300
2021,T1,3,cdi,447600
2021,T2,4,cdi,465500
2021,T2,5,cdi,455100
2021,T2,6,cdi,551400
2021,T3,7,cdi,558400
2021,T3,8,cdi,277700
2021,T3,9,cdi,631900
2021,T4,10,cdi,673200
2021,T4,11,cdi,594900
2021,T4,12,cdi,563700
2022,T1,1,cdi,608300
2022,T1,2,cdi,600400
2022,T1,3,cdi,729900
2022,T2,4,cdi,577900
2022,T2,5,cdi,606100
2022,T2,6,cdi,584000
2022,T3,7,cdi,520000
2022,T3,8,cdi,448300
2022,T3,9,cdi,603500
2022,T4,10,cdi,694600
2022,T4,11,cdi,627900
2022,T4,12,cdi,766000
2023,T1,1,cdi,691600
2023,T1,2,cdi,689900
2023,T1,3,cdi,709500
2023,T2,4,cdi,582300
2023,T2,5,cdi,618400
2023,T2,6,cdi,616500
2023,T3,7,cdi,553800
2023,T3,8,cdi,450800
2023,T3,9,cdi,621200
2023,T4,10,cdi,680400
2023,T4,11,cdi,645600
2023,T4,12,cdi,126700
2024,T1,1,cdi,599400
2024,T1,2,cdi,564300
2024,T1,3,cdi,691200
2024,T2,4,cdi,597700
2024,T2,5,cdi,526400
2024,T2,6,cdi,543500
2024,T3,7,cdi,636000
2024,T3,8,cdi,432400
2024,T3,9,cdi,546700
2024,T4,10,cdi,676200
2024,T4,11,cdi,593000
2024,T4,12,cdi,609700
2025,T1,1,cdi,552700
2025,T1,2,cdi,498100
2025,T1,3,cdi,546900
2025,T2,4,cdi,554100
2025,T2,5,cdi,507800
2025,T2,6,cdi,504900
2025,T3,7,cdi,542000
2025,T3,8,cdi,354700
2025,T3,9,cdi,483900
2025,T4,10,cdi,632300
2025,T4,11,cdi,426900
2025,T4,12,cdi,407900
2015,T1,1,cdd_de_plus_de_6_mois,26100
2015,T1,2,cdd_de_plus_de_6_mois,24100
2015,T1,3,cdd_de_plus_de_6_mois,30900
2015,T2,4,cdd_de_plus_de_6_mois,34100
2015,T2,5,cdd_de_plus_de_6_mois,28700
2015,T2,6,cdd_de_plus_de_6_mois,43100
2015,T3,7,cdd_de_plus_de_6_mois,49800
2015,T3,8,cdd_de_plus_de_6_mois,36300
2015,T3,9,cdd_de_plus_de_6_mois,54500
2015,T4,10,cdd_de_plus_de_6_mois,37600
2015,T4,11,cdd_de_plus_de_6_mois,33700
2015,T4,12,cdd_de_plus_de_6_mois,29600
2016,T1,1,cdd_de_plus_de_6_mois,33000
2016,T1,2,cdd_de_plus_de_6_mois,31400
2016,T1,3,cdd_de_plus_de_6_mois,36400
2016,T2,4,cdd_de_plus_de_6_mois,38600
2016,T2,5,cdd_de_plus_de_6_mois,40500
2016,T2,6,cdd_de_plus_de_6_mois,49000
2016,T3,7,cdd_de_plus_de_6_mois,46900
2016,T3,8,cdd_de_plus_de_6_mois,35900
2016,T3,9,cdd_de_plus_de_6_mois,58600
2016,T4,10,cdd_de_plus_de_6_mois,41600
2016,T4,11,cdd_de_plus_de_6_mois,31300
2016,T4,12,cdd_de_plus_de_6_mois,28000
2017,T1,1,cdd_de_plus_de_6_mois,38400
2017,T1,2,cdd_de_plus_de_6_mois,33600
2017,T1,3,cdd_de_plus_de_6_mois,48900
2017,T2,4,cdd_de_plus_de_6_mois,41400
2017,T2,5,cdd_de_plus_de_6_mois,46100
2017,T2,6,cdd_de_plus_de_6_mois,51000
2017,T3,7,cdd_de_plus_de_6_mois,47400
2017,T3,8,cdd_de_plus_de_6_mois,36400
2017,T3,9,cdd_de_plus_de_6_mois,45100
2017,T4,10,cdd_de_plus_de_6_mois,36100
2017,T4,11,cdd_de_plus_de_6_mois,31700
2017,T4,12,cdd_de_plus_de_6_mois,25600
2018,T1,1,cdd_de_plus_de_6_mois,33400
2018,T1,2,cdd_de_plus_de_6_mois,30700
2018,T1,3,cdd_de_plus_de_6_mois,41000
2018,T2,4,cdd_de_plus_de_6_mois,42700
2018,T2,5,cdd_de_plus_de_6_mois,44300
2018,T2,6,cdd_de_plus_de_6_mois,35700
2018,T3,7,cdd_de_plus_de_6_mois,56200
2018,T3,8,cdd_de_plus_de_6_mois,40400
2018,T3,9,cdd_de_plus_de_6_mois,45800
2018,T4,10,cdd_de_plus_de_6_mois,37400
2018,T4,11,cdd_de_plus_de_6_mois,31800
2018,T4,12,cdd_de_plus_de_6_mois,28100
2019,T1,1,cdd_de_plus_de_6_mois,33800
2019,T1,2,cdd_de_plus_de_6_mois,31500
2019,T1,3,cdd_de_plus_de_6_mois,37000
2019,T2,4,cdd_de_plus_de_6_mois,45600
2019,T2,5,cdd_de_plus_de_6_mois,45100
2019,T2,6,cdd_de_plus_de_6_mois,44100
2019,T3,7,cdd_de_plus_de_6_mois,56000
2019,T3,8,cdd_de_plus_de_6_mois,40400
2019,T3,9,cdd_de_plus_de_6_mois,49000
2019,T4,10,cdd_de_plus_de_6_mois,42600
2019,T4,11,cdd_de_plus_de_6_mois,36400
2019,T4,12,cdd_de_plus_de_6_mois,35600
2020,T1,1,cdd_de_plus_de_6_mois,39300
2020,T1,2,cdd_de_plus_de_6_mois,39100
2020,T1,3,cdd_de_plus_de_6_mois,28600
2020,T2,4,cdd_de_plus_de_6_mois,18300
2020,T2,5,cdd_de_plus_de_6_mois,25200
2020,T2,6,cdd_de_plus_de_6_mois,42700
2020,T3,7,cdd_de_plus_de_6_mois,45300
2020,T3,8,cdd_de_plus_de_6_mois,36600
2020,T3,9,cdd_de_plus_de_6_mois,48000
2020,T4,10,cdd_de_plus_de_6_mois,36300
2020,T4,11,cdd_de_plus_de_6_mois,27600
2020,T4,12,cdd_de_plus_de_6_mois,30200
2021,T1,1,cdd_de_plus_de_6_mois,34700
2021,T1,2,cdd_de_plus_de_6_mois,31600
2021,T1,3,cdd_de_plus_de_6_mois,46700
2021,T2,4,cdd_de_plus_de_6_mois,48100
2021,T2,5,cdd_de_plus_de_6_mois,60900
2021,T2,6,cdd_de_plus_de_6_mois,91200
2021,T3,7,cdd_de_plus_de_6_mois,84700
2021,T3,8,cdd_de_plus_de_6_mois,39100
2021,T3,9,cdd_de_plus_de_6_mois,82500
2021,T4,10,cdd_de_plus_de_6_mois,63400
2021,T4,11,cdd_de_plus_de_6_mois,60600
2021,T4,12,cdd_de_plus_de_6_mois,55200
2022,T1,1,cdd_de_plus_de_6_mois,67200
2022,T1,2,cdd_de_plus_de_6_mois,64600
2022,T1,3,cdd_de_plus_de_6_mois,83600
2022,T2,4,cdd_de_plus_de_6_mois,69500
2022,T2,5,cdd_de_plus_de_6_mois,82400
2022,T2,6,cdd_de_plus_de_6_mois,86700
2022,T3,7,cdd_de_plus_de_6_mois,77000
2022,T3,8,cdd_de_plus_de_6_mois,64300
2022,T3,9,cdd_de_plus_de_6_mois,78700
2022,T4,10,cdd_de_plus_de_6_mois,68600
2022,T4,11,cdd_de_plus_de_6_mois,54800
2022,T4,12,cdd_de_plus_de_6_mois,61800
2023,T1,1,cdd_de_plus_de_6_mois,72200
2023,T1,2,cdd_de_plus_de_6_mois,76700
2023,T1,3,cdd_de_plus_de_6_mois,103200
2023,T2,4,cdd_de_plus_de_6_mois,81000
2023,T2,5,cdd_de_plus_de_6_mois,86200
2023,T2,6,cdd_de_plus_de_6_mois,92900
2023,T3,7,cdd_de_plus_de_6_mois,96900
2023,T3,8,cdd_de_plus_de_6_mois,61200
2023,T3,9,cdd_de_plus_de_6_mois,71900
2023,T4,10,cdd_de_plus_de_6_mois,60400
2023,T4,11,cdd_de_plus_de_6_mois,54100
2023,T4,12,cdd_de_plus_de_6_mois,19900
2024,T1,1,cdd_de_plus_de_6_mois,56300
2024,T1,2,cdd_de_plus_de_6_mois,72000
2024,T1,3,cdd_de_plus_de_6_mois,89100
2024,T2,4,cdd_de_plus_de_6_mois,82300
2024,T2,5,cdd_de_plus_de_6_mois,69800
2024,T2,6,cdd_de_plus_de_6_mois,76100
2024,T3,7,cdd_de_plus_de_6_mois,83200
2024,T3,8,cdd_de_plus_de_6_mois,50300
2024,T3,9,cdd_de_plus_de_6_mois,54500
2024,T4,10,cdd_de_plus_de_6_mois,54900
2024,T4,11,cdd_de_plus_de_6_mois,47900
2024,T4,12,cdd_de_plus_de_6_mois,43600
2025,T1,1,cdd_de_plus_de_6_mois,53400
2025,T1,2,cdd_de_plus_de_6_mois,55700
2025,T1,3,cdd_de_plus_de_6_mois,74800
2025,T2,4,cdd_de_plus_de_6_mois,76500
2025,T2,5,cdd_de_plus_de_6_mois,64000
2025,T2,6,cdd_de_plus_de_6_mois,60800
2025,T3,7,cdd_de_plus_de_6_mois,65100
2025,T3,8,cdd_de_plus_de_6_mois,38300
2025,T3,9,cdd_de_plus_de_6_mois,48900
2025,T4,10,cdd_de_plus_de_6_mois,54400
2025,T4,11,cdd_de_plus_de_6_mois,36000
2025,T4,12,cdd_de_plus_de_6_mois,36200
2015,T1,1,cdd_de_1_a_6_mois,63000
2015,T1,2,cdd_de_1_a_6_mois,70100
2015,T1,3,cdd_de_1_a_6_mois,77800
2015,T2,4,cdd_de_1_a_6_mois,80000
2015,T2,5,cdd_de_1_a_6_mois,60500
2015,T2,6,cdd_de_1_a_6_mois,75300
2015,T3,7,cdd_de_1_a_6_mois,73100
2015,T3,8,cdd_de_1_a_6_mois,56700
2015,T3,9,cdd_de_1_a_6_mois,78100
2015,T4,10,cdd_de_1_a_6_mois,68000
2015,T4,11,cdd_de_1_a_6_mois,64700
2015,T4,12,cdd_de_1_a_6_mois,53100
2016,T1,1,cdd_de_1_a_6_mois,66200
2016,T1,2,cdd_de_1_a_6_mois,64300
2016,T1,3,cdd_de_1_a_6_mois,84300
2016,T2,4,cdd_de_1_a_6_mois,81500
2016,T2,5,cdd_de_1_a_6_mois,80400
2016,T2,6,cdd_de_1_a_6_mois,88600
2016,T3,7,cdd_de_1_a_6_mois,87800
2016,T3,8,cdd_de_1_a_6_mois,66400
2016,T3,9,cdd_de_1_a_6_mois,92600
2016,T4,10,cdd_de_1_a_6_mois,84100
2016,T4,11,cdd_de_1_a_6_mois,69200
2016,T4,12,cdd_de_1_a_6_mois,65800
2017,T1,1,cdd_de_1_a_6_mois,76700
2017,T1,2,cdd_de_1_a_6_mois,76500
2017,T1,3,cdd_de_1_a_6_mois,108000
2017,T2,4,cdd_de_1_a_6_mois,85000
2017,T2,5,cdd_de_1_a_6_mois,90500
2017,T2,6,cdd_de_1_a_6_mois,93700
2017,T3,7,cdd_de_1_a_6_mois,74900
2017,T3,8,cdd_de_1_a_6_mois,67100
2017,T3,9,cdd_de_1_a_6_mois,80000
2017,T4,10,cdd_de_1_a_6_mois,74700
2017,T4,11,cdd_de_1_a_6_mois,76100
2017,T4,12,cdd_de_1_a_6_mois,61200
2018,T1,1,cdd_de_1_a_6_mois,77000
2018,T1,2,cdd_de_1_a_6_mois,73900
2018,T1,3,cdd_de_1_a_6_mois,89400
2018,T2,4,cdd_de_1_a_6_mois,83000
2018,T2,5,cdd_de_1_a_6_mois,78600
2018,T2,6,cdd_de_1_a_6_mois,75400
2018,T3,7,cdd_de_1_a_6_mois,91000
2018,T3,8,cdd_de_1_a_6_mois,88800
2018,T3,9,cdd_de_1_a_6_mois,87500
2018,T4,10,cdd_de_1_a_6_mois,79000
2018,T4,11,cdd_de_1_a_6_mois,74700
2018,T4,12,cdd_de_1_a_6_mois,59100
2019,T1,1,cdd_de_1_a_6_mois,76400
2019,T1,2,cdd_de_1_a_6_mois,69600
2019,T1,3,cdd_de_1_a_6_mois,84800
2019,T2,4,cdd_de_1_a_6_mois,95800
2019,T2,5,cdd_de_1_a_6_mois,91400
2019,T2,6,cdd_de_1_a_6_mois,95500
2019,T3,7,cdd_de_1_a_6_mois,103100
2019,T3,8,cdd_de_1_a_6_mois,71600
2019,T3,9,cdd_de_1_a_6_mois,90700
2019,T4,10,cdd_de_1_a_6_mois,80700
2019,T4,11,cdd_de_1_a_6_mois,69800
2019,T4,12,cdd_de_1_a_6_mois,61300
2020,T1,1,cdd_de_1_a_6_mois,82200
2020,T1,2,cdd_de_1_a_6_mois,74500
2020,T1,3,cdd_de_1_a_6_mois,53400
2020,T2,4,cdd_de_1_a_6_mois,30300
2020,T2,5,cdd_de_1_a_6_mois,44200
2020,T2,6,cdd_de_1_a_6_mois,82100
2020,T3,7,cdd_de_1_a_6_mois,73300
2020,T3,8,cdd_de_1_a_6_mois,61000
2020,T3,9,cdd_de_1_a_6_mois,71800
2020,T4,10,cdd_de_1_a_6_mois,68400
2020,T4,11,cdd_de_1_a_6_mois,51900
2020,T4,12,cdd_de_1_a_6_mois,53100
2021,T1,1,cdd_de_1_a_6_mois,64700
2021,T1,2,cdd_de_1_a_6_mois,63400
2021,T1,3,cdd_de_1_a_6_mois,90600
2021,T2,4,cdd_de_1_a_6_mois,83500
2021,T2,5,cdd_de_1_a_6_mois,102800
2021,T2,6,cdd_de_1_a_6_mois,122200
2021,T3,7,cdd_de_1_a_6_mois,100800
2021,T3,8,cdd_de_1_a_6_mois,68500
2021,T3,9,cdd_de_1_a_6_mois,116600
2021,T4,10,cdd_de_1_a_6_mois,102800
2021,T4,11,cdd_de_1_a_6_mois,88300
2021,T4,12,cdd_de_1_a_6_mois,77400
2022,T1,1,cdd_de_1_a_6_mois,88900
2022,T1,2,cdd_de_1_a_6_mois,86400
2022,T1,3,cdd_de_1_a_6_mois,112300
2022,T2,4,cdd_de_1_a_6_mois,98100
2022,T2,5,cdd_de_1_a_6_mois,112700
2022,T2,6,cdd_de_1_a_6_mois,111100
2022,T3,7,cdd_de_1_a_6_mois,87300
2022,T3,8,cdd_de_1_a_6_mois,77300
2022,T3,9,cdd_de_1_a_6_mois,91400
2022,T4,10,cdd_de_1_a_6_mois,79500
2022,T4,11,cdd_de_1_a_6_mois,71900
2022,T4,12,cdd_de_1_a_6_mois,75300
2023,T1,1,cdd_de_1_a_6_mois,81500
2023,T1,2,cdd_de_1_a_6_mois,80800
2023,T1,3,cdd_de_1_a_6_mois,102200
2023,T2,4,cdd_de_1_a_6_mois,88500
2023,T2,5,cdd_de_1_a_6_mois,90000
2023,T2,6,cdd_de_1_a_6_mois,97900
2023,T3,7,cdd_de_1_a_6_mois,80900
2023,T3,8,cdd_de_1_a_6_mois,69500
2023,T3,9,cdd_de_1_a_6_mois,79100
2023,T4,10,cdd_de_1_a_6_mois,79900
2023,T4,11,cdd_de_1_a_6_mois,73600
2023,T4,12,cdd_de_1_a_6_mois,33700
2024,T1,1,cdd_de_1_a_6_mois,74100
2024,T1,2,cdd_de_1_a_6_mois,81800
2024,T1,3,cdd_de_1_a_6_mois,90100
2024,T2,4,cdd_de_1_a_6_mois,84200
2024,T2,5,cdd_de_1_a_6_mois,76300
2024,T2,6,cdd_de_1_a_6_mois,78100
2024,T3,7,cdd_de_1_a_6_mois,80200
2024,T3,8,cdd_de_1_a_6_mois,61400
2024,T3,9,cdd_de_1_a_6_mois,68400
2024,T4,10,cdd_de_1_a_6_mois,69300
2024,T4,11,cdd_de_1_a_6_mois,57500
2024,T4,12,cdd_de_1_a_6_mois,50500
2025,T1,1,cdd_de_1_a_6_mois,63600
2025,T1,2,cdd_de_1_a_6_mois,61600
2025,T1,3,cdd_de_1_a_6_mois,75900
2025,T2,4,cdd_de_1_a_6_mois,73700
2025,T2,5,cdd_de_1_a_6_mois,66400
2025,T2,6,cdd_de_1_a_6_mois,66200
2025,T3,7,cdd_de_1_a_6_mois,64900
2025,T3,8,cdd_de_1_a_6_mois,46700
2025,T3,9,cdd_de_1_a_6_mois,60600
2025,T4,10,cdd_de_1_a_6_mois,64300
2025,T4,11,cdd_de_1_a_6_mois,50600
2025,T4,12,cdd_de_1_a_6_mois,53000
2015,T1,1,cdd_de_moins_d_un_mois,8500
2015,T1,2,cdd_de_moins_d_un_mois,9800
2015,T1,3,cdd_de_moins_d_un_mois,12700
2015,T2,4,cdd_de_moins_d_un_mois,13100
2015,T2,5,cdd_de_moins_d_un_mois,10800
2015,T2,6,cdd_de_moins_d_un_mois,12700
2015,T3,7,cdd_de_moins_d_un_mois,12300
2015,T3,8,cdd_de_moins_d_un_mois,10900
2015,T3,9,cdd_de_moins_d_un_mois,13200
2015,T4,10,cdd_de_moins_d_un_mois,14700
2015,T4,11,cdd_de_moins_d_un_mois,15800
2015,T4,12,cdd_de_moins_d_un_mois,11900
2016,T1,1,cdd_de_moins_d_un_mois,9400
2016,T1,2,cdd_de_moins_d_un_mois,10000
2016,T1,3,cdd_de_moins_d_un_mois,12400
2016,T2,4,cdd_de_moins_d_un_mois,12500
2016,T2,5,cdd_de_moins_d_un_mois,11600
2016,T2,6,cdd_de_moins_d_un_mois,11900
2016,T3,7,cdd_de_moins_d_un_mois,10200
2016,T3,8,cdd_de_moins_d_un_mois,9200
2016,T3,9,cdd_de_moins_d_un_mois,11800
2016,T4,10,cdd_de_moins_d_un_mois,11000
2016,T4,11,cdd_de_moins_d_un_mois,14500
2016,T4,12,cdd_de_moins_d_un_mois,14000
2017,T1,1,cdd_de_moins_d_un_mois,10200
2017,T1,2,cdd_de_moins_d_un_mois,9900
2017,T1,3,cdd_de_moins_d_un_mois,16000
2017,T2,4,cdd_de_moins_d_un_mois,14500
2017,T2,5,cdd_de_moins_d_un_mois,14300
2017,T2,6,cdd_de_moins_d_un_mois,13400
2017,T3,7,cdd_de_moins_d_un_mois,11200
2017,T3,8,cdd_de_moins_d_un_mois,10900
2017,T3,9,cdd_de_moins_d_un_mois,13200
2017,T4,10,cdd_de_moins_d_un_mois,11100
2017,T4,11,cdd_de_moins_d_un_mois,13600
2017,T4,12,cdd_de_moins_d_un_mois,12100
2018,T1,1,cdd_de_moins_d_un_mois,9800
2018,T1,2,cdd_de_moins_d_un_mois,9700
2018,T1,3,cdd_de_moins_d_un_mois,13100
2018,T2,4,cdd_de_moins_d_un_mois,10500
2018,T2,5,cdd_de_moins_d_un_mois,10400
2018,T2,6,cdd_de_moins_d_un_mois,10900
2018,T3,7,cdd_de_moins_d_un_mois,12000
2018,T3,8,cdd_de_moins_d_un_mois,10400
2018,T3,9,cdd_de_moins_d_un_mois,12100
2018,T4,10,cdd_de_moins_d_un_mois,12100
2018,T4,11,cdd_de_moins_d_un_mois,10500
2018,T4,12,cdd_de_moins_d_un_mois,10000
2019,T1,1,cdd_de_moins_d_un_mois,10200
2019,T1,2,cdd_de_moins_d_un_mois,10600
2019,T1,3,cdd_de_moins_d_un_mois,12400
2019,T2,4,cdd_de_moins_d_un_mois,13600
2019,T2,5,cdd_de_moins_d_un_mois,13100
2019,T2,6,cdd_de_moins_d_un_mois,11400
2019,T3,7,cdd_de_moins_d_un_mois,14200
2019,T3,8,cdd_de_moins_d_un_mois,10400
2019,T3,9,cdd_de_moins_d_un_mois,13800
2019,T4,10,cdd_de_moins_d_un_mois,11700
2019,T4,11,cdd_de_moins_d_un_mois,11000
2019,T4,12,cdd_de_moins_d_un_mois,9400
2020,T1,1,cdd_de_moins_d_un_mois,10400
2020,T1,2,cdd_de_moins_d_un_mois,10100
2020,T1,3,cdd_de_moins_d_un_mois,7500
2020,T2,4,cdd_de_moins_d_un_mois,2700
2020,T2,5,cdd_de_moins_d_un_mois,2900
2020,T2,6,cdd_de_moins_d_un_mois,4800
2020,T3,7,cdd_de_moins_d_un_mois,7200
2020,T3,8,cdd_de_moins_d_un_mois,7500
2020,T3,9,cdd_de_moins_d_un_mois,11800
2020,T4,10,cdd_de_moins_d_un_mois,8700
2020,T4,11,cdd_de_moins_d_un_mois,6000
2020,T4,12,cdd_de_moins_d_un_mois,7900
2021,T1,1,cdd_de_moins_d_un_mois,8300
2021,T1,2,cdd_de_moins_d_un_mois,7800
2021,T1,3,cdd_de_moins_d_un_mois,10800
2021,T2,4,cdd_de_moins_d_un_mois,7700
2021,T2,5,cdd_de_moins_d_un_mois,9000
2021,T2,6,cdd_de_moins_d_un_mois,14500
2021,T3,7,cdd_de_moins_d_un_mois,11800
2021,T3,8,cdd_de_moins_d_un_mois,10600
2021,T3,9,cdd_de_moins_d_un_mois,13300
2021,T4,10,cdd_de_moins_d_un_mois,12600
2021,T4,11,cdd_de_moins_d_un_mois,12100
2021,T4,12,cdd_de_moins_d_un_mois,12000
2022,T1,1,cdd_de_moins_d_un_mois,13800
2022,T1,2,cdd_de_moins_d_un_mois,9400
2022,T1,3,cdd_de_moins_d_un_mois,14800
2022,T2,4,cdd_de_moins_d_un_mois,14700
2022,T2,5,cdd_de_moins_d_un_mois,12100
2022,T2,6,cdd_de_moins_d_un_mois,10300
2022,T3,7,cdd_de_moins_d_un_mois,12800
2022,T3,8,cdd_de_moins_d_un_mois,10200
2022,T3,9,cdd_de_moins_d_un_mois,11900
2022,T4,10,cdd_de_moins_d_un_mois,11900
2022,T4,11,cdd_de_moins_d_un_mois,10800
2022,T4,12,cdd_de_moins_d_un_mois,10100
2023,T1,1,cdd_de_moins_d_un_mois,10600
2023,T1,2,cdd_de_moins_d_un_mois,7800
2023,T1,3,cdd_de_moins_d_un_mois,10900
2023,T2,4,cdd_de_moins_d_un_mois,10100
2023,T2,5,cdd_de_moins_d_un_mois,9600
2023,T2,6,cdd_de_moins_d_un_mois,10100
2023,T3,7,cdd_de_moins_d_un_mois,10200
2023,T3,8,cdd_de_moins_d_un_mois,11000
2023,T3,9,cdd_de_moins_d_un_mois,11100
2023,T4,10,cdd_de_moins_d_un_mois,11300
2023,T4,11,cdd_de_moins_d_un_mois,9800
2023,T4,12,cdd_de_moins_d_un_mois,6900
2024,T1,1,cdd_de_moins_d_un_mois,9900
2024,T1,2,cdd_de_moins_d_un_mois,9600
2024,T1,3,cdd_de_moins_d_un_mois,11100
2024,T2,4,cdd_de_moins_d_un_mois,13400
2024,T2,5,cdd_de_moins_d_un_mois,9600
2024,T2,6,cdd_de_moins_d_un_mois,10300
2024,T3,7,cdd_de_moins_d_un_mois,12600
2024,T3,8,cdd_de_moins_d_un_mois,13700
2024,T3,9,cdd_de_moins_d_un_mois,12200
2024,T4,10,cdd_de_moins_d_un_mois,12100
2024,T4,11,cdd_de_moins_d_un_mois,10000
2024,T4,12,cdd_de_moins_d_un_mois,9300
2025,T1,1,cdd_de_moins_d_un_mois,9100
2025,T1,2,cdd_de_moins_d_un_mois,7700
2025,T1,3,cdd_de_moins_d_un_mois,10000
2025,T2,4,cdd_de_moins_d_un_mois,9000
2025,T2,5,cdd_de_moins_d_un_mois,8200
2025,T2,6,cdd_de_moins_d_un_mois,8600
2025,T3,7,cdd_de_moins_d_un_mois,10400
2025,T3,8,cdd_de_moins_d_un_mois,8200
2025,T3,9,cdd_de_moins_d_un_mois,8500
2025,T4,10,cdd_de_moins_d_un_mois,9100
2025,T4,11,cdd_de_moins_d_un_mois,8200
2025,T4,12,cdd_de_moins_d_un_mois,9300
2015,T1,1,autres_contrats_interim_saisonniers,89500
2015,T1,2,autres_contrats_interim_saisonniers,101900
2015,T1,3,autres_contrats_interim_saisonniers,127900
2015,T2,4,autres_contrats_interim_saisonniers,115700
2015,T2,5,autres_contrats_interim_saisonniers,115600
2015,T2,6,autres_contrats_interim_saisonniers,136600
2015,T3,7,autres_contrats_interim_saisonniers,195600
2015,T3,8,autres_contrats_interim_saisonniers,179900
2015,T3,9,autres_contrats_interim_saisonniers,159700
2015,T4,10,autres_contrats_interim_saisonniers,171700
2015,T4,11,autres_contrats_interim_saisonniers,163400
2015,T4,12,autres_contrats_interim_saisonniers,156300
2016,T1,1,autres_contrats_interim_saisonniers,178300
2016,T1,2,autres_contrats_interim_saisonniers,141400
2016,T1,3,autres_contrats_interim_saisonniers,184200
2016,T2,4,autres_contrats_interim_saisonniers,173100
2016,T2,5,autres_contrats_interim_saisonniers,196400
2016,T2,6,autres_contrats_interim_saisonniers,241300
2016,T3,7,autres_contrats_interim_saisonniers,243300
2016,T3,8,autres_contrats_interim_saisonniers,148500
2016,T3,9,autres_contrats_interim_saisonniers,209400
2016,T4,10,autres_contrats_interim_saisonniers,212900
2016,T4,11,autres_contrats_interim_saisonniers,173300
2016,T4,12,autres_contrats_interim_saisonniers,160300
2017,T1,1,autres_contrats_interim_saisonniers,165300
2017,T1,2,autres_contrats_interim_saisonniers,165300
2017,T1,3,autres_contrats_interim_saisonniers,257100
2017,T2,4,autres_contrats_interim_saisonniers,200900
2017,T2,5,autres_contrats_interim_saisonniers,170800
2017,T2,6,autres_contrats_interim_saisonniers,134600
2017,T3,7,autres_contrats_interim_saisonniers,102200
2017,T3,8,autres_contrats_interim_saisonniers,90600
2017,T3,9,autres_contrats_interim_saisonniers,108100
2017,T4,10,autres_contrats_interim_saisonniers,107800
2017,T4,11,autres_contrats_interim_saisonniers,108000
2017,T4,12,autres_contrats_interim_saisonniers,87700
2018,T1,1,autres_contrats_interim_saisonniers,95800
2018,T1,2,autres_contrats_interim_saisonniers,110100
2018,T1,3,autres_contrats_interim_saisonniers,151000
2018,T2,4,autres_contrats_interim_saisonniers,120600
2018,T2,5,autres_contrats_interim_saisonniers,118100
2018,T2,6,autres_contrats_interim_saisonniers,104700
2018,T3,7,autres_contrats_interim_saisonniers,150100
2018,T3,8,autres_contrats_interim_saisonniers,124800
2018,T3,9,autres_contrats_interim_saisonniers,144800
2018,T4,10,autres_contrats_interim_saisonniers,138300
2018,T4,11,autres_contrats_interim_saisonniers,132400
2018,T4,12,autres_contrats_interim_saisonniers,107100
2019,T1,1,autres_contrats_interim_saisonniers,124300
2019,T1,2,autres_contrats_interim_saisonniers,119200
2019,T1,3,autres_contrats_interim_saisonniers,112000
2019,T2,4,autres_contrats_interim_saisonniers,141500
2019,T2,5,autres_contrats_interim_saisonniers,144500
2019,T2,6,autres_contrats_interim_saisonniers,123900
2019,T3,7,autres_contrats_interim_saisonniers,158100
2019,T3,8,autres_contrats_interim_saisonniers,100900
2019,T3,9,autres_contrats_interim_saisonniers,133100
2019,T4,10,autres_contrats_interim_saisonniers,124800
2019,T4,11,autres_contrats_interim_saisonniers,121100
2019,T4,12,autres_contrats_interim_saisonniers,107000
2020,T1,1,autres_contrats_interim_saisonniers,132100
2020,T1,2,autres_contrats_interim_saisonniers,141100
2020,T1,3,autres_contrats_interim_saisonniers,91200
2020,T2,4,autres_contrats_interim_saisonniers,50700
2020,T2,5,autres_contrats_interim_saisonniers,66700
2020,T2,6,autres_contrats_interim_saisonniers,117000
2020,T3,7,autres_contrats_interim_saisonniers,132900
2020,T3,8,autres_contrats_interim_saisonniers,102100
2020,T3,9,autres_contrats_interim_saisonniers,130000
2020,T4,10,autres_contrats_interim_saisonniers,136700
2020,T4,11,autres_contrats_interim_saisonniers,120300
2020,T4,12,autres_contrats_interim_saisonniers,126400
2021,T1,1,autres_contrats_interim_saisonniers,137200
2021,T1,2,autres_contrats_interim_saisonniers,147300
2021,T1,3,autres_contrats_interim_saisonniers,197600
2021,T2,4,autres_contrats_interim_saisonniers,187900
2021,T2,5,autres_contrats_interim_saisonniers,181700
2021,T2,6,autres_contrats_interim_saisonniers,211100
2021,T3,7,autres_contrats_interim_saisonniers,220600
2021,T3,8,autres_contrats_interim_saisonniers,97300
2021,T3,9,autres_contrats_interim_saisonniers,289500
2021,T4,10,autres_contrats_interim_saisonniers,256500
2021,T4,11,autres_contrats_interim_saisonniers,218800
2021,T4,12,autres_contrats_interim_saisonniers,201900
2022,T1,1,autres_contrats_interim_saisonniers,201800
2022,T1,2,autres_contrats_interim_saisonniers,206300
2022,T1,3,autres_contrats_interim_saisonniers,246800
2022,T2,4,autres_contrats_interim_saisonniers,214900
2022,T2,5,autres_contrats_interim_saisonniers,232900
2022,T2,6,autres_contrats_interim_saisonniers,224200
2022,T3,7,autres_contrats_interim_saisonniers,214700
2022,T3,8,autres_contrats_interim_saisonniers,184500
2022,T3,9,autres_contrats_interim_saisonniers,225400
2022,T4,10,autres_contrats_interim_saisonniers,207000
2022,T4,11,autres_contrats_interim_saisonniers,188100
2022,T4,12,autres_contrats_interim_saisonniers,221900
2023,T1,1,autres_contrats_interim_saisonniers,209700
2023,T1,2,autres_contrats_interim_saisonniers,213900
2023,T1,3,autres_contrats_interim_saisonniers,257400
2023,T2,4,autres_contrats_interim_saisonniers,218000
2023,T2,5,autres_contrats_interim_saisonniers,240600
2023,T2,6,autres_contrats_interim_saisonniers,249000
2023,T3,7,autres_contrats_interim_saisonniers,231300
2023,T3,8,autres_contrats_interim_saisonniers,218700
2023,T3,9,autres_contrats_interim_saisonniers,238400
2023,T4,10,autres_contrats_interim_saisonniers,251700
2023,T4,11,autres_contrats_interim_saisonniers,243700
2023,T4,12,autres_contrats_interim_saisonniers,67200
2024,T1,1,autres_contrats_interim_saisonniers,235300
2024,T1,2,autres_contrats_interim_saisonniers,231900
2024,T1,3,autres_contrats_interim_saisonniers,249300
2024,T2,4,autres_contrats_interim_saisonniers,243700
2024,T2,5,autres_contrats_interim_saisonniers,226300
2024,T2,6,autres_contrats_interim_saisonniers,245300
2024,T3,7,autres_contrats_interim_saisonniers,266900
2024,T3,8,autres_contrats_interim_saisonniers,218600
2024,T3,9,autres_contrats_interim_saisonniers,218500
2024,T4,10,autres_contrats_interim_saisonniers,238700
2024,T4,11,autres_contrats_interim_saisonniers,183100
2024,T4,12,autres_contrats_interim_saisonniers,172200
2025,T1,1,autres_contrats_interim_saisonniers,181500
2025,T1,2,autres_contrats_interim_saisonniers,173000
2025,T1,3,autres_contrats_interim_saisonniers,196500
2025,T2,4,autres_contrats_interim_saisonniers,216800
2025,T2,5,autres_contrats_interim_saisonniers,198200
2025,T2,6,autres_contrats_interim_saisonniers,195100
2025,T3,7,autres_contrats_interim_saisonniers,217100
2025,T3,8,autres_contrats_interim_saisonniers,158900
2025,T3,9,autres_contrats_interim_saisonniers,163300
2025,T4,10,autres_contrats_interim_saisonniers,214900
2025,T4,11,autres_contrats_interim_saisonniers,151000
2025,T4,12,autres_contrats_interim_saisonniers,173600
